createDate,taskName,mode,weaponName,map,version,accTotal,accB0,accB1,accB2,accB3,accB4,accB5,accB6,accB7,rtTotal,rtB0,rtB1,rtB2,rtB3,rtB4,rtB5,rtB6,rtB7,targetsTotal,shotsTotal,killsPerSec,killTotal
04/23/2022 13:24:53,gridshot,10,9mm,0,v0.96.5.3-3201,88.84462,86,93,85,91,100,75,100,88,265.389590549897,270.455874246264,244.159474210919,283.838612333257,273.215428670247,202.466479492187,303.451314290365,210.879020690918,258.961885724749,226,251,3.72266865,223,
04/23/2022 13:23:46,gridshot,10,9mm,0,v0.96.5.3-3201,85.31746,79,98,80,85,100,100,100,0,275.743460899176,297.287553948871,236.544077212994,290.184308242798,287.469159490412,262.597255706787,193.789985656738,190.814453125,0,218,252,3.58911,215,
04/23/2022 13:22:19,gridshot,10,9mm,0,v0.96.5.3-3201,88.18565,90,88,84,91,100,0,0,100,282.875904649068,291.596951039632,279.409810202462,296.186323983329,265.611173311869,211.056655883789,0,0,252.462600708008,212,237,3.4889524,209,
08/04/2021 20:14:46,gridshot,0,9mm,0,v0.96.5.3-3201,90.625,82,92,94,92,92,89,88,100,254.693100238668,288.663633191908,242.081961198287,240.597854015874,256.523755536761,229.331938310103,262.754901885986,279.830051967076,234.071929931641,235,256,3.872847,232,
08/03/2021 19:06:47,gridshot,0,9mm,0,v0.96.5.3-3201,90.43825,98,90,91,89,91,100,73,82,261.24088438597,251.656249306419,267.160339355469,252.67800617218,268.003563738884,233.927183532715,241.750775655111,319.751543045044,288.311611599392,230,251,3.78949952,227,
08/02/2021 23:46:52,gridshot,0,9mm,0,v0.96.5.3-3201,91.09312,96,96,92,83,88,100,100,83,262.626575690376,248.190106599227,270.295246340194,243.905226982964,282.971626807903,300.542548043387,232.900998433431,237.499546051025,278.050061035156,228,247,3.75603986,225,
08/01/2021 18:46:56,gridshot,0,9mm,0,v0.96.5.3-3201,93.77593,95,100,90,92,88,100,100,82,262.242690162321,261.803325794361,239.44951171875,280.547456492549,268.229711235894,263.126972743443,224.905853271484,292.775466918945,276.325258043077,229,241,3.77275133,226,
07/31/2021 17:43:28,gridshot,0,9mm,0,v0.96.5.3-3201,89.91935,91,92,91,85,100,100,75,100,265.054657392972,268.780799572284,263.120462832243,262.457877554545,274.888774525036,237.097692316229,220.493057250977,286.251874287923,248.858721415202,226,248,3.722701,223,
07/29/2021 18:39:40,gridshot,10,9mm,0,v0.96.5.3-3201,85.4700851,84,85,79,89,100,89,100,75,295.895683059692,295.465209311627,321.452579498291,322.008974479906,277.799202283224,235.467069625854,286.309059143066,220.29648399353,374.133331298828,203,234,3.33868933,200,
07/29/2021 10:49:29,gridshot,0,9mm,0,v0.96.5.3-3201,90.72581,89,89,92,93,100,100,83,78,262.379192030165,269.567807617188,273.153949169403,259.53888821072,258.563559638129,203.910990397135,233.685734340123,282.484878540039,293.117983136858,228,248,3.75613856,225,
07/28/2021 21:15:24,gridshot,0,9mm,0,v0.96.5.3-3201,90.07937,90,88,90,95,80,90,100,73,260.21852259699,267.560013382523,265.409396627675,255.212462383768,236.37566610483,278.346454620361,322.202587551541,234.484405517578,301.704147338867,230,252,3.78952718,227,
07/28/2021 05:42:21,gridshot,0,9mm,0,v0.96.5.3-3201,88.57143,82,91,87,89,92,100,100,100,272.652563209358,295.476605679126,267.200250292581,274.542977905273,271.988793397561,270.760878129439,255.296646118164,283.272888183594,212.458648681641,220,245,3.62257648,217,
07/27/2021 18:14:35,gridshot,0,9mm,0,v0.96.5.3-3201,86.30705,86,81,86,90,86,100,83,100,285.050383127653,295.039212908064,306.329549374788,282.794024149577,281.901487523859,264.373357137044,236.439573287964,266.534497070313,206.236471993583,210,241,3.47214317,208,
07/26/2021 19:09:36,gridshot,0,9mm,0,v0.96.5.3-3201,89.0688248,85,93,90,92,100,100,88,73,268.501745258678,284.675413676671,261.443899455824,263.710692342122,265.43500437635,197.475145612444,230.759210586548,280.403882707868,316.842577847568,223,247,3.67260122,220,
07/26/2021 18:40:29,gridshot,0,9mm,0,v0.96.5.3-3201,82.8,75,77,86,91,100,100,100,92,285.624149267224,309.314399719238,307.197247009277,272.413756259652,271.106815989425,212.039026896159,248.728813171387,211.836044311523,266.296908291903,210,250,3.45561647,207,
07/25/2021 22:40:46,gridshot,0,9mm,0,v0.96.5.3-3201,91.17647,90,90,98,88,100,100,100,88,272.436461136638,278.828326592079,278.188120035025,254.622686183199,281.146879546496,196.512138366699,196.610860188802,231.83561706543,295.834487915039,220,238,3.62255955,217,
07/25/2021 22:16:33,gridshot,0,9mm,0,v0.96.5.3-3201,81.49606,86,77,73,85,71,100,100,100,281.961450917709,273.72477935791,278.44023401597,312.506801771081,283.845187447288,293.085679626465,221.096946716309,212.69846089681,245.367672729492,210,254,3.45552349,207,
07/24/2021 22:17:12,gridshot,10,9mm,0,v0.96.5.3-3201,81.70731,86,87,80,79,57,100,78,71,294.276587566926,281.24771517799,288.488682072337,300.652840547783,305.993033669212,357.320381164551,231.696935017904,314.26420375279,321.445184326172,204,246,3.35541153,201,
07/09/2021 20:46:45,gridshot,10,9mm,0,v0.96.5.3-3201,78.48101,86,81,79,76,75,83,71,59,313.710875972625,283.650648207892,309.576457479726,322.320672937342,331.79545099595,336.630694071452,287.55422668457,239.527075195313,403.823197937012,189,237,3.10491037,186,
07/09/2021 20:31:07,gridshot,0,9mm,0,v0.96.5.3-3201,68.55895,59,61,68,80,100,86,100,73,376.386025009641,418.608867221408,429.639304421165,382.477448527018,315.744280728427,222.526927947998,313.652860005697,336.669782002767,339.475536346436,160,229,2.620897,157,
06/27/2021 12:28:38,gridshot,10,9mm,0,v0.96.5.3-3201,85.71429,87,86,81,83,94,100,83,100,273.96820753592,264.870203870408,285.156221298944,286.680515387119,284.451897099333,254.608552042643,226.488871765137,233.357693481445,267.877487182617,219,252,3.60576916,216,
06/27/2021 12:26:29,gridshot,10,9mm,0,v0.96.5.3-3201,84.45378,87,89,87,76,88,100,75,100,293.781047536366,281.002356487772,298.905844411542,300.893669976129,319.136454456257,230.160862513951,242.719942365374,347.418553670247,229.269041061401,204,238,3.35536051,201,
06/27/2021 12:25:14,gridshot,10,9mm,0,v0.96.5.3-3201,79.91631,80,73,75,84,100,100,100,100,309.241923467027,302.126382654363,344.72689587137,335.606037237705,278.291490709459,242.631355285645,288.372897338867,275.66420854841,204.85457611084,194,239,3.188407,191,
06/27/2021 12:22:44,gridshot,10,9mm,0,v0.96.5.3-3201,79.82833,81,78,78,78,100,75,100,80,319.250605429373,313.51871887207,322.437044508914,330.270259857178,323.28056678772,203.921718597412,349.493865966797,254.561088562012,404.280788421631,189,233,3.10506582,186,
06/27/2021 00:09:19,gridshot,10,9mm,0,v0.96.5.3-3201,80.55556,83,88,81,76,73,75,90,72,341.235665858477,325.758527867934,306.131765957536,327.737704031808,341.481965285081,403.052547454834,563.208023071289,310.971557617188,392.044258704552,177,216,2.90473771,174,
06/25/2021 17:24:22,gridshot,10,9mm,0,v0.96.5.3-3201,84.48276,83,88,87,87,83,75,100,56,302.559615777463,309.153486887614,302.678486592061,306.699380269865,284.218729871385,288.120455932617,302.462551540799,248.750615437826,450.458187866211,199,232,3.27203059,196,
06/25/2021 17:16:10,gridshot,10,9mm,0,v0.96.5.3-3201,76.6233749,81,63,76,81,100,69,92,75,333.293189355883,314.030728853666,400.019115871853,359.613619877742,309.864317113703,225.65140914917,404.38219028049,260.482223510742,292.367986043294,180,231,2.95481277,177,
06/24/2021 23:33:15,gridshot,10,9mm,0,v0.96.5.3-3201,82.9166641,90,78,80,90,64,83,67,92,296.739756675222,286.529353055087,311.819111001903,307.816772896903,271.221749623617,339.144938877651,329.428997802734,383.258331298828,240.031868674538,202,240,3.32201958,199,
05/28/2021 07:53:44,gridshot,0,9mm,0,v0.96.5.3-3201,86.05578,92,86,82,86,82,80,75,100,273.832436808833,251.521968012271,278.601777576265,284.320126740829,277.867280578613,282.379104614258,315.599449157715,329.464126586914,239.917514038086,219,251,3.60575676,216,
05/28/2021 07:46:46,gridshot,10,9mm,0,v0.96.5.3-3201,81.6,82,80,89,81,75,100,60,83,289.735201742135,288.5090234375,292.811221832925,259.82228127504,293.026484489441,291.583165486654,220.95344543457,372.276166280111,352.753930664063,207,250,3.40551138,204,
05/28/2021 07:45:40,gridshot,10,9mm,0,v0.96.5.3-3201,83.05785,91,77,84,83,88,75,80,86,292.291538750947,269.021564857633,335.090581465741,273.667269823028,281.17041406876,309.12102835519,301.734888712565,281.167098999023,244.436538696289,204,242,3.35536981,201,
05/28/2021 07:44:33,gridshot,10,9mm,0,v0.96.5.3-3201,86.1224442,87,86,88,81,83,90,83,100,279.642186892541,274.077216106912,274.136245727539,277.050368552984,318.115077092097,261.055464172363,258.382953219944,258.781701660156,231.85014851888,214,245,3.52202,211,
05/28/2021 07:42:07,gridshot,10,9mm,0,v0.96.5.3-3201,85.28139,88,84,80,89,88,100,92,73,299.920562434318,268.860702159793,305.751410550849,326.075484404693,278.10983748663,276.102260044643,269.568035888672,295.416405417702,370.687877655029,200,231,3.28859925,197,
05/28/2021 07:40:55,gridshot,10,9mm,0,v0.96.5.3-3201,78.2426758,74,80,75,83,100,88,100,69,316.26580284241,349.556783676148,302.212118784586,332.628130008013,296.862957201506,228.397152709961,242.0884878976,220.36701965332,377.959004720052,190,239,3.121566,187,
05/28/2021 07:39:41,gridshot,10,9mm,0,v0.96.5.3-3201,84.42623,90,80,81,84,100,100,100,75,286.289251271961,285.499778603608,304.084388292753,283.541486518328,276.491116910368,250.11843363444,186.349461873372,235.729049682617,366.323216756185,209,244,3.438912,206,
05/28/2021 07:38:11,gridshot,10,9mm,0,v0.96.5.3-3201,83.33333,86,86,79,84,73,80,100,83,310.43487701416,306.936396830791,293.385047912598,329.69612848191,308.623670477616,363.920850753784,338.093318939209,264.980812072754,274.604598999023,193,228,3.1717298,190,
05/28/2021 07:37:02,gridshot,10,9mm,0,v0.96.5.3-3201,66.66667,74,70,43,80,50,60,33,100,1490.29309539795,530.585472106934,455.448401314872,962.470692952474,5330.15782165527,581.983032226563,363.525802612305,844.684387207031,170.211212158203,43,60,0.667712152,40,
05/25/2021 17:19:55,gridshot,10,9mm,0,v0.96.5.3-3201,86.90476,82,96,90,81,86,77,100,100,269.172495524089,291.764212814032,244.403573741084,264.575688680013,287.926606551461,240.027681986491,315.907444763184,201.759651184082,224.919717788696,222,252,3.655932,219,
05/25/2021 17:18:48,gridshot,10,9mm,0,v0.96.5.3-3201,81.1245,83,90,85,67,86,77,60,89,292.501150452265,297.913560524965,268.237463378906,278.184684321565,347.657376263593,258.718205769857,293.437715148926,383.244450887044,253.001918792725,205,249,3.37200928,202,
05/25/2021 17:17:41,gridshot,10,9mm,0,v0.96.5.3-3201,79.11646,89,77,72,76,67,86,100,80,300.168672590691,264.284176190694,317.672495727539,334.689559936523,299.933847045898,315.359346389771,312.956001281738,227.152585347494,350.720809936523,200,249,3.28871584,197,
05/25/2021 17:16:35,gridshot,10,9mm,0,v0.96.5.3-3201,81.49606,84,79,82,85,80,67,67,83,286.025946759947,288.330206522128,298.643058375308,278.22875438017,267.685006348983,306.033903121948,327.442408243815,326.688466389974,281.118197631836,210,254,3.45554352,207,
05/25/2021 17:15:26,gridshot,10,9mm,0,v0.96.5.3-3201,79.91803,91,83,70,80,71,100,73,67,302.36521880321,268.688904171898,290.251617719542,337.933504581451,322.879861068726,292.168188476562,211.311940511068,321.850126266479,305.273010253906,198,244,3.255247,195,
05/25/2021 17:14:17,gridshot,10,9mm,0,v0.96.5.3-3201,76.95652,76,67,80,81,82,100,83,90,334.521109543278,403.961594372261,378.241048177083,298.411629147,276.137712366441,294.538699679905,260.00154876709,307.054858398437,260.76976691352,180,230,2.9547646,177,
05/25/2021 17:12:46,gridshot,10,9mm,0,v0.96.5.3-3201,79.0123444,72,78,84,82,86,86,60,67,305.435370365779,322.120208248015,337.382956368583,261.636253512636,297.101388436777,295.309946695964,263.952852884928,408.454027811686,384.947380065918,195,243,3.20517921,192,
05/17/2021 18:10:26,gridshot,0,9mm,0,v0.96.5.3-3201,79.11646,75,82,76,80,100,81,75,85,299.084116746932,323.694257152324,301.180054982503,306.908812604632,284.610980987549,202.839694213867,300.725217379056,349.808878580729,262.148072676225,200,249,3.28865051,197,
03/24/2021 15:47:35,gridshot,0,9mm,0,v0.96.5.3-3201,90.51724,92,90,91,95,100,90,57,83,279.998699442546,270.991231467507,277.314250864881,297.232052686738,263.919915276605,249.104804992676,274.841583251953,510.82527923584,260.992533874512,213,232,3.5055716,210,
03/21/2021 18:59:16,gridshot,0,9mm,0,v0.96.5.3-3201,83.73984,83,85,79,82,100,100,89,86,286.438651297856,286.096340942383,284.108428955078,309.82411465115,302.383029756092,210.25229535784,202.196374511719,259.948894500732,259.891813913981,209,246,3.43872428,206,
03/19/2021 13:16:15,gridshot,0,9mm,0,v0.96.5.3-3201,81.22449,77,75,87,86,100,56,89,88,297.034427585314,303.474138957698,328.580196562267,283.133541791867,282.658405848912,206.63425554548,448.297640991211,265.096405029297,262.642907278878,202,245,3.321987,199,
03/19/2021 02:18:32,gridshot,0,9mm,0,v0.96.5.3-3201,85.96491,84,82,96,82,88,88,86,73,296.566318044857,277.393204972551,317.347270117866,261.041542197174,329.978019156107,257.532632010324,264.606940133231,327.412709554036,379.311630249023,199,228,3.270821,196,
03/07/2021 22:36:13,gridshot,0,9mm,0,v0.96.5.3-3201,85.8333359,88,80,80,93,83,86,83,100,287.305582731673,282.039077758789,300.654766506619,319.848198867426,263.641572952271,271.59772644043,294.215677897135,290.593109130859,221.721653529576,209,240,3.43896341,206,
03/07/2021 22:35:05,gridshot,0,9mm,0,v0.96.5.3-3201,81.6666641,84,86,81,76,82,90,75,80,301.827757426671,307.639081629311,281.880169115568,291.501478649321,313.515559241885,298.072699652778,299.569549560547,348.704209645589,313.796918869019,199,240,3.27199388,196,
03/07/2021 22:33:52,gridshot,0,9mm,0,v0.96.5.3-3201,77.08333,76,70,73,85,75,83,89,75,320.264423927101,347.791749954224,326.005392259167,343.794767553156,295.937900196422,275.600138346354,347.877847290039,248.425786972046,294.753445943197,188,240,3.08834434,185,
03/07/2021 22:32:41,gridshot,0,9mm,0,v0.96.5.3-3201,81.42293,76,73,83,92,100,100,100,100,284.693792991268,311.780746459961,324.755542437236,258.043252832749,252.133507438328,245.55200958252,251.79292678833,229.149211338588,244.400245666504,209,253,3.438876,206,
03/05/2021 12:55:20,gridshot,0,9mm,0,v0.96.5.3-3201,86.95652,85,88,84,88,80,100,100,100,268.362762260437,272.314078354254,270.762607121872,283.492786183077,254.614915296766,302.352830886841,241.658386230469,225.890696207682,237.326334635417,223,253,3.67266,220,
03/04/2021 08:54:02,gridshot,0,9mm,0,v0.96.5.3-3201,84.716156,94,84,82,83,75,75,83,80,303.591260969025,271.21573041833,307.724072774251,307.136012077331,321.039598985152,320.040364583333,375.054545084635,299.424049377441,324.349853515625,197,229,3.23848581,194,
03/03/2021 12:15:01,gridshot,0,9mm,0,v0.96.5.3-3201,82.8451843,91,82,82,78,80,83,100,80,298.473131126828,276.031134033203,292.393466120181,283.392442284561,339.664789157444,315.382759094238,297.075216674805,201.749244689941,359.531209945679,201,239,3.305367,198,
03/02/2021 15:03:27,gridshot,0,9mm,0,v0.96.5.3-3201,87.90323,83,90,89,86,100,89,100,91,271.999227366316,303.818222357302,266.990741984049,263.365471048558,274.848483418309,235.129180908203,248.860265731812,228.001463148329,265.278526306152,221,248,3.63925219,218,
03/02/2021 15:01:48,gridshot,0,9mm,0,v0.96.5.3-3201,80.24691,73,72,93,85,89,100,100,77,303.891665649414,333.842808116566,346.170729927395,268.498176574707,277.525534605368,245.094181060791,236.459798177083,253.344947814941,291.215776062012,198,243,3.255336,195,
03/02/2021 15:00:36,gridshot,0,9mm,0,v0.96.5.3-3201,76.44628,75,80,76,78,86,71,83,50,320.900065076673,313.67605864696,282.1969871521,346.745963019294,323.155201039416,271.11336517334,345.643927001953,289.664004516602,519.809356689453,188,242,3.08841515,185,
03/02/2021 14:58:46,gridshot,0,9mm,0,v0.96.5.3-3201,87.95181,91,85,90,83,86,100,100,85,270.077727435387,258.351056025578,285.701702686066,265.244487847222,279.812077840169,246.409633636475,239.188448819247,233.956802368164,312.406842318448,222,249,3.65597868,219,
03/02/2021 14:57:05,gridshot,0,9mm,0,v0.96.5.3-3201,81.6666641,90,83,79,73,77,91,88,100,301.165383942273,278.637728304476,298.030512029474,309.053759319026,331.976218414307,303.788166809082,276.167877197266,290.920966012137,279.312337239583,199,240,3.271998,196,
03/02/2021 14:55:56,gridshot,0,9mm,0,v0.96.5.3-3201,82.15768,84,80,80,83,100,78,50,90,299.178805871443,302.080774943034,311.934272279131,309.798729138497,286.390637117274,246.511984931098,339.453772408622,408.018096923828,257.914286295573,201,241,3.30537,198,
03/02/2021 12:09:52,gridshot,0,9mm,0,v0.96.5.3-3201,84.77366,83,84,93,86,100,88,50,60,287.130861374938,295.478499502506,282.947138910708,263.399397629958,285.025721335898,269.993060302734,294.158706665039,443.804931640625,328.655141194661,209,243,3.43884468,206,
02/26/2021 17:51:58,gridshot,10,9mm,0,v0.96.5.3-3201,80.35714,78,82,79,78,89,100,100,67,327.777573055691,358.140982437134,331.616468024976,310.08349568135,342.4372823964,258.357297897339,265.3525390625,232.472078959147,385.326477050781,183,224,3.00461435,180,
02/26/2021 17:12:31,gridshot,10,9mm,0,v0.96.5.3-3201,86.05578,90,82,85,86,89,100,83,83,272.930653889974,270.672129217184,304.515561162209,282.752617812738,252.643020266578,238.468723297119,213.361528669085,295.288134765625,252.294055175781,219,251,3.605568,216,
02/26/2021 17:11:26,gridshot,10,9mm,0,v0.96.5.3-3201,84.83607,79,89,93,79,92,92,83,80,284.336646701979,309.142099062602,262.123213605183,256.847515571408,301.132787564906,258.423030506481,260.598704944957,356.897479248047,323.611873626709,210,244,3.45545959,207,
02/26/2021 17:10:17,gridshot,10,9mm,0,v0.96.5.3-3201,81.4655151,85,94,73,76,70,86,91,100,311.612037133918,286.581984357136,266.137847900391,336.761698867335,351.051212380149,350.476841517857,324.369043986003,266.952886962891,227.029314676921,192,232,3.15482426,189,
02/26/2021 17:09:06,gridshot,10,9mm,0,v0.96.5.3-3201,74.5833359,69,80,87,74,60,62,78,50,329.1674423644,353.778958204316,291.098848085146,290.088394165039,331.925676428753,425.223317464193,417.255911254883,335.024470738002,465.832598368327,182,240,2.98803782,179,
02/23/2021 12:27:14,gridshot,0,9mm,0,v0.96.5.3-3201,79.20354,82,73,69,86,100,100,100,93,328.184781292963,317.702474636502,346.804776578336,404.591172914247,281.711027083858,261.1923828125,217.03059387207,261.360722859701,274.489354814802,182,226,2.98793912,179,
12/29/2020 22:54:41,gridshot,10,9mm,0,v0.96.5.3-3201,78.26087,79,76,67,83,100,100,71,83,321.581249618531,323.292172023228,330.668712719067,371.068781698904,311.716872829861,214.580627441406,207.199574061802,380.205868530273,317.902774047852,183,230,3.00458646,180,
12/29/2020 11:33:04,gridshot,0,9mm,0,v0.96.5.3-3201,80.99173,80,75,92,80,100,64,71,79,299.351694924491,314.281691259267,308.815434382512,274.859345522794,300.218074451793,221.379427228655,377.051341465541,336.408728027344,289.067667180842,199,242,3.271639,196,
12/29/2020 11:31:53,gridshot,0,9mm,0,v0.96.5.3-3201,79.66805,82,81,88,80,100,67,67,44,305.175739129384,292.50487054563,300.256812095642,298.291909067254,285.294117320668,212.821621704102,359.349090576172,375.236312866211,549.295930862427,195,241,3.204988,192,
12/29/2020 11:30:28,gridshot,0,9mm,0,v0.96.5.3-3201,79.75206,76,81,78,85,77,80,100,83,305.194654632726,328.845474936745,297.580548825471,319.494434854259,280.589650647394,296.809887695313,294.182716369629,257.047103881836,281.693354797363,196,242,3.221598,193,
12/28/2020 11:19:01,gridshot,0,9mm,0,v0.96.5.3-3201,84.45378,81,86,86,84,86,71,100,89,293.191431036043,302.946273803711,279.083728913338,279.56413325557,312.764437507181,296.869771321615,359.734278869629,208.349308558873,242.01989364624,204,238,3.35516167,201,
12/28/2020 11:17:55,gridshot,0,9mm,0,v0.96.5.3-3201,86.72199,83,92,88,82,100,100,89,77,282.155956067537,285.718512980143,271.014987702065,290.497193739149,296.641265124809,225.280726114909,276.892883300781,288.666149139404,289.581295776367,212,241,3.488723,209,
12/27/2020 17:34:49,gridshot,10,9mm,0,v0.96.5.3-3201,83.46457,82,80,91,81,75,82,100,100,277.258274294295,290.929571068805,316.369042373285,240.327212142944,274.117766807819,294.155331929525,304.531192355686,207.901426042829,201.19856262207,215,254,3.53892422,212,
12/27/2020 17:33:38,gridshot,10,9mm,0,v0.96.5.3-3201,83.73984,84,86,82,75,100,100,100,100,285.773765193606,285.36243827388,272.764182798324,298.193126763238,323.635377966839,249.799140930176,213.944734053178,224.341052246094,226.805606842041,209,246,3.43867636,206,
12/27/2020 17:31:13,gridshot,10,9mm,0,v0.96.5.3-3201,86.1224442,90,80,84,86,88,83,100,100,279.250009473466,273.583564271318,299.846852744498,290.754646157319,267.925144889138,247.17296055385,275.179385375977,235.932562255859,227.44563293457,214,245,3.52216673,211,
12/27/2020 17:30:03,gridshot,10,9mm,0,v0.96.5.3-3201,80.99173,77,83,79,90,75,64,100,78,299.998831262394,307.935809077049,297.983533522662,322.983432304568,266.785997564142,328.735748291016,367.952327183315,223.703456333705,340.044793265206,199,242,3.27174,196,
12/26/2020 10:56:53,gridshot,0,9mm,0,v0.96.5.3-3201,76.49573,77,80,73,70,100,100,100,89,329.051743661891,330.480935138205,317.832543459806,341.274672614204,371.943611798968,215.317425537109,295.952362060547,252.91872660319,227.161691665649,182,234,2.98789358,179,
12/25/2020 23:58:10,gridshot,10,9mm,0,v0.96.5.3-3201,78.54077,76,77,90,81,100,67,67,73,323.959023695726,343.933879179113,323.93891952977,280.323910748517,315.077364240374,251.64899597168,344.678779602051,393.722839355469,345.309663772583,186,233,3.05471015,183,
12/25/2020 22:36:51,gridshot,10,9mm,0,v0.96.5.3-3201,85.18519,89,85,82,83,83,83,100,90,284.891692414952,282.028316091984,282.659748770974,299.081713867188,289.085041300456,270.255264282227,283.0302734375,230.629577636719,282.819600423177,210,243,3.45545888,207,
12/25/2020 22:35:44,gridshot,10,9mm,0,v0.96.5.3-3201,85.41667,88,81,83,90,70,86,88,92,285.737707742831,272.094541047749,310.882192922193,302.591595798069,256.111869649684,379.997953142439,264.076044718425,277.279155186244,255.444828380238,208,240,3.42198229,205,
12/25/2020 22:34:37,gridshot,10,9mm,0,v0.96.5.3-3201,85.40773,89,88,86,72,88,100,86,83,295.254106071127,283.82004292806,282.968002624512,292.003241689582,367.739518790409,270.72963823591,270.515932355608,285.982462565104,266.017588806152,202,233,3.32193756,199,
12/25/2020 22:33:30,gridshot,10,9mm,0,v0.96.5.3-3201,82.75862,78,82,81,90,75,92,86,88,303.976593097051,336.186500950863,294.079853439331,306.332771888146,265.265394511976,358.272834777832,301.557403564453,305.144777933757,277.759634835379,195,232,3.20484018,192,
12/25/2020 22:32:24,gridshot,10,9mm,0,v0.96.5.3-3201,81.05727,74,76,91,83,69,60,100,100,321.061379308286,359.946016148158,342.151137579055,300.110402061826,293.584337283403,394.913152058919,426.003326416016,253.853385925293,224.17116800944,187,227,3.07143354,184,
12/25/2020 22:31:16,gridshot,10,9mm,0,v0.96.5.3-3201,81.4346,75,84,81,81,90,83,100,100,304.704063296936,329.54820090846,292.060249328613,316.938911132812,294.933442226676,296.073438856337,304.351681518555,262.802073160807,235.734615325928,196,237,3.22156835,193,
12/25/2020 22:28:43,gridshot,10,9mm,0,v0.96.5.3-3201,87.8787842,91,84,94,81,83,100,100,83,290.005320356397,277.678485481106,315.351581739343,262.599328873005,321.010380336216,294.996206665039,240.846626281738,315.638946533203,293.348948669434,206,231,3.38850451,203,
12/25/2020 22:27:35,gridshot,10,9mm,0,v0.96.5.3-3201,80.88889,81,83,76,87,88,100,100,60,323.337527432285,322.188909115999,310.395103277162,351.924917120682,289.749655983665,295.46248953683,258.93854675293,253.296875,501.393323262533,185,225,3.03811479,182,
12/25/2020 22:26:23,gridshot,10,9mm,0,v0.96.5.3-3201,82.37885,85,85,80,84,90,100,100,46,315.474231903566,295.240537701231,312.62748374939,331.875799325796,304.370429830348,286.922614203559,290.982448032924,242.236437988281,578.822362263997,190,227,3.12162662,187,
12/25/2020 22:25:13,gridshot,10,9mm,0,v0.96.5.3-3201,78.57143,78,79,87,76,61,78,100,86,335.483492331071,342.199022393478,338.533766313033,303.214806581155,331.642454098432,445.040410822088,358.989504132952,256.562835693359,325.305488586426,179,224,2.93797851,176,
12/25/2020 22:24:06,gridshot,10,9mm,0,v0.96.5.3-3201,82.32758,92,91,72,84,64,100,75,79,309.066576972682,281.507813178168,264.792161464691,360.579806783925,296.689124030036,368.747414725167,231.272855122884,345.28199005127,366.615851662376,194,232,3.1883707,191,
12/25/2020 15:10:27,gridshot,10,9mm,0,v0.96.5.3-3201,80,80,76,86,90,50,75,62,80,325.305397033692,303.611238606771,369.151990336757,317.657459861354,280.051761936497,536.236480712891,333.321372138129,398.868121337891,291.356216430664,183,225,3.00470567,180,
12/25/2020 15:09:16,gridshot,10,9mm,0,v0.96.5.3-3201,80,76,86,77,77,86,90,89,80,323.621849399143,336.718469473032,321.823801994324,307.381050109863,344.326024156936,338.686419169108,260.371553209093,304.62099647522,302.876930236816,183,225,3.00466251,180,
12/25/2020 15:08:08,gridshot,10,9mm,0,v0.96.5.3-3201,79.5652161,81,91,68,94,57,64,57,100,322.24502038174,315.69508281507,280.184921756867,386.366962921925,260.236696069891,413.169809341431,451.256200154622,511.131401062012,249.25282796224,186,230,3.05469012,183,
12/25/2020 15:07:00,gridshot,10,9mm,0,v0.96.5.3-3201,79.91453,80,80,77,76,100,100,100,88,315.788279977075,312.899577501085,317.446444266183,327.52626210993,331.108469148962,258.305221557617,237.53012738909,317.801177978516,303.667848859514,190,234,3.121506,187,
12/25/2020 15:05:53,gridshot,10,9mm,0,v0.96.5.3-3201,70.33898,69,73,77,72,62,56,46,100,355.408229276358,372.268574895086,333.195906388132,319.670591874556,355.408967859605,421.807802200317,436.001947021484,558.286616007487,244.307640075684,169,236,2.77103758,166,
12/25/2020 15:04:38,gridshot,10,9mm,0,v0.96.5.3-3201,69.29824,67,61,67,81,88,57,78,67,374.067016794711,390.307804531521,410.37358194987,420.251317537748,333.890407073192,250.834742954799,446.435094833374,274.612694876535,340.992095947266,161,228,2.63754988,158,
12/25/2020 10:35:37,gridshot,0,9mm,0,v0.96.5.3-3201,84.84849,93,89,91,69,100,67,83,88,300.413126887107,267.420898792356,288.298175175985,277.59235572815,387.087600344703,217.349487304688,371.446006774902,271.754971313477,293.486487252372,199,231,3.27170515,196,
12/25/2020 10:16:28,gridshot,10,9mm,0,v0.96.5.3-3201,75.84746,71,81,80,82,83,62,60,63,329.945165793989,336.210362309995,306.603270701873,316.927222728729,305.404934353299,341.426593017578,369.536929321289,478.933563232422,420.389423370361,182,236,2.98806524,179,
12/25/2020 10:15:21,gridshot,10,9mm,0,v0.96.5.3-3201,79.01786,78,77,88,77,80,88,88,67,332.378692885577,344.536395263672,338.769756432736,303.949576059977,337.72850757175,325.910835266113,275.349897112165,310.122244698661,409.249389648438,180,224,2.9545846,177,
12/25/2020 10:14:05,gridshot,10,9mm,0,v0.96.5.3-3201,80.73394,83,90,77,76,80,100,33,75,335.95613228191,334.055628204346,292.93247737441,346.935726409263,345.801504135132,329.425468444824,201.039405822754,692.880554199219,358.04293568929,178,218,2.93797779,176,
12/25/2020 01:42:20,gridshot,10,9mm,0,v0.96.5.3-3201,84.27948,87,80,88,82,88,89,86,80,301.599899212931,295.608316949073,318.514951433454,299.878620147705,306.084082709418,295.488483973912,256.008977890015,299.753631591797,294.55100440979,196,229,3.22159576,193,
12/25/2020 01:41:11,gridshot,10,9mm,0,v0.96.5.3-3201,90.67796,92,98,85,88,100,89,88,100,274.245761978292,263.323015001085,254.584613618397,297.505210494995,289.203559725892,263.542706807454,292.576974868774,265.26528276716,242.980657958984,217,236,3.57233262,214,
12/25/2020 01:40:02,gridshot,10,9mm,0,v0.96.5.3-3201,85.15284,88,86,86,83,78,88,75,80,302.129246638372,291.292273727118,299.171554989285,297.3961798928,315.012463619835,333.244195120675,317.319148472377,305.974029541016,320.570840835571,198,229,3.25515342,195,
12/25/2020 01:38:55,gridshot,10,9mm,0,v0.96.5.3-3201,86.4406738,85,88,88,85,89,83,67,100,288.47685249179,286.217433342567,279.758980684502,276.138920523904,319.495069667271,284.560245513916,308.228726196289,351.080261230469,235.974001203265,207,236,3.40530348,204,
12/25/2020 01:37:48,gridshot,10,9mm,0,v0.96.5.3-3201,91.62996,93,98,85,92,71,100,100,100,281.667377545283,281.193464521928,260.309634399414,305.807294040256,274.372335116068,471.401235961914,235.443016052246,274.531097412109,219.398607526507,211,227,3.471946,208,
12/25/2020 01:36:42,gridshot,10,9mm,0,v0.96.5.3-3201,87.05357,84,86,85,94,100,88,80,90,302.332078826122,310.31333779389,307.154006958008,315.633403778076,285.927996467142,252.198318481445,321.758793422154,283.682876586914,261.898412068685,198,224,3.255163,195,
12/25/2020 01:35:35,gridshot,10,9mm,0,v0.96.5.3-3201,87.85047,93,89,80,95,100,100,57,92,312.694507030731,305.219345875275,303.211928858901,361.683375339882,273.656559870793,284.738868713379,214.886322021484,478.688877105713,261.86775080363,191,214,3.13812041,188,
12/24/2020 23:58:24,gridshot,10,9mm,0,v0.96.5.3-3201,87.4493942,87,96,91,86,57,83,86,67,272.288053512573,270.588142903646,236.980416805186,266.738626797994,289.609346177843,446.787738800049,306.565466308594,257.134679158529,330.660519917806,219,247,3.60567021,216,
12/24/2020 23:56:56,gridshot,10,9mm,0,v0.96.5.3-3201,72.42798,67,81,60,74,67,100,78,88,333.684596841985,364.751101107211,277.10658409482,422.586063091572,331.545681265898,382.180521011353,232.671429443359,283.673686436244,225.294873918806,179,243,2.93797874,176,
12/24/2020 23:55:42,gridshot,10,9mm,0,v0.96.5.3-3201,79.66805,85,87,80,75,62,57,100,86,307.125338951747,297.431842803955,277.577428481158,317.487675694057,312.529181546943,393.87202835083,416.741437911987,224.005113874163,296.876728057861,195,241,3.20507813,192,
12/24/2020 23:53:48,gridshot,10,9mm,0,v0.96.5.3-3201,84.5833359,85,85,83,82,100,80,100,89,290.68420395123,296.858551350046,278.575341249124,283.854520748823,299.104300316344,219.795575459798,311.702766418457,221.19091796875,266.612813949585,206,240,3.38862514,203,
12/24/2020 23:52:39,gridshot,10,9mm,0,v0.96.5.3-3201,83.33333,91,75,84,92,86,57,60,92,289.880500411987,271.083808179171,300.567870349419,292.616539364769,274.678705003526,320.890940348307,400.426719665527,409.683265686035,246.783943869851,203,240,3.33866882,200,
12/24/2020 23:51:29,gridshot,10,9mm,0,v0.96.5.3-3201,80.4166641,90,84,78,74,79,100,56,71,305.221118907237,275.062805885492,292.137814839681,328.003763834635,315.234589071835,310.722499500621,222.4182472229,495.322329711914,329.79214630127,196,240,3.22174335,193,
12/24/2020 23:50:21,gridshot,10,9mm,0,v0.96.5.3-3201,78.16594,83,76,86,74,73,71,90,57,329.197615809947,311.079559326172,341.671644483294,304.266919090634,335.320631760817,360.005483627319,356.32138671875,253.506286621094,462.597045898438,182,229,2.98794675,179,
12/24/2020 22:51:06,gridshot,0,9mm,0,v0.96.5.3-3201,88.1356,93,86,97,87,82,83,100,50,283.47570001162,263.178716871474,296.406453768412,247.324258904708,296.173965454102,290.383736504449,285.759808349609,241.337326049805,511.912811279297,211,236,3.47197723,208,
12/24/2020 22:49:57,gridshot,0,9mm,0,v0.96.5.3-3201,78.87931,81,75,76,78,83,100,100,78,319.954037400543,325.543013254801,314.254889748313,320.738730839321,332.832869700896,313.469387817383,270.238305664063,249.001897176107,320.156862531389,186,232,3.05470133,183,
12/24/2020 17:49:03,gridshot,0,9mm,0,v0.96.5.3-3201,83.62832,82,74,86,91,75,100,100,85,311.505579388331,305.288396562849,356.042221851838,308.83145904541,288.126280212402,357.776471455892,271.163606916155,262.991998291016,298.449594671076,192,226,3.15502286,189,
12/23/2020 20:23:38,gridshot,0,9mm,0,v0.96.5.3-3201,78.67299,81,70,75,85,100,62,80,100,354.629085402891,347.774821061354,391.205288187663,383.508813985189,325.98224774529,268.565490722656,461.623831176758,315.848957061768,239.350321451823,169,211,2.7709043,166,
12/23/2020 20:22:28,gridshot,0,9mm,0,v0.96.5.3-3201,73.99103,75,71,76,73,67,75,100,67,354.56677199855,355.219560835097,393.703275044759,309.367213893581,368.199052810669,383.877443949382,319.356257120768,259.433004760742,446.789817810059,168,223,2.75422359,165,
12/22/2020 19:39:06,gridshot,10,9mm,0,v0.96.5.3-3201,87.76372,94,83,83,92,75,100,100,100,278.012055323674,274.557026639898,271.546684666684,292.720520278155,265.664742977061,368.281578063965,246.539161682129,206.510391235352,233.044982910156,211,237,3.47213268,208,
12/22/2020 14:12:14,gridshot,10,9mm,0,v0.96.5.3-3201,80.17242,84,82,78,87,86,62,100,56,317.120034166562,317.278992362644,302.376094818115,325.149931553432,277.158165359497,293.019063313802,422.438913345337,234.254891967773,459.238008287218,189,232,3.10488963,186,
12/22/2020 14:11:07,gridshot,10,9mm,0,v0.96.5.3-3201,77.77778,81,75,83,74,55,82,88,83,323.546706063407,308.812165186955,342.621267607718,300.41873046875,347.227395864633,466.913129170736,296.10758972168,272.782784598214,287.706700134277,185,234,3.037986,182,
12/21/2020 15:26:16,gridshot,0,9mm,0,v0.96.5.3-3201,84.03756,89,83,79,85,90,86,100,80,328.635797426021,285.801058682528,390.416201942845,328.294419823623,320.46353302002,294.471004909939,266.511286417643,232.018895467122,391.529151916504,182,213,2.98808956,179,
12/21/2020 15:15:45,gridshot,10,9mm,0,v0.96.5.3-3201,75.757576,82,70,69,79,71,83,80,78,334.771664624895,336.945467472076,346.831079897673,361.126140594482,309.54736001151,390.595413208008,291.097685623169,321.807664871216,323.745481218611,178,231,2.92107058,175,
12/21/2020 15:14:37,gridshot,10,9mm,0,v0.96.5.3-3201,77.36626,69,85,76,85,67,86,100,67,311.168807658743,343.073636612802,288.568174362183,327.600172473538,285.434380618009,373.760782877604,249.055707295736,273.215255737305,345.421504974365,191,243,3.13812184,188,
12/21/2020 15:13:22,gridshot,10,9mm,0,v0.96.5.3-3201,81.7021255,81,88,80,83,88,86,58,78,307.03705128034,318.550610086192,288.162280188666,300.3631550182,300.047861838827,275.728628976004,337.063702901204,386.81078011649,342.034465244838,195,235,3.20497179,192,
12/21/2020 15:12:10,gridshot,10,9mm,0,v0.96.5.3-3201,79.16667,86,82,76,72,83,100,89,80,309.194896497224,269.169457723928,305.107419490814,322.427327748891,348.917924499512,315.486276245117,248.618497212728,272.824628829956,300.298868179321,193,240,3.17165947,190,
12/21/2020 15:11:03,gridshot,10,9mm,0,v0.96.5.3-3201,80.42553,77,88,84,72,83,86,77,100,311.903088887533,315.345358761874,278.582843780518,313.498762800887,359.685950506301,344.613494873047,249.360771179199,298.514077758789,254.980188369751,192,235,3.15477157,189,
12/21/2020 15:09:57,gridshot,10,9mm,0,v0.96.5.3-3201,80.9322052,83,85,87,75,71,67,67,88,307.510950258265,303.007678009743,297.740119934082,285.25352589677,328.477972263243,317.723226928711,405.822937011719,337.785614013672,282.463559831892,194,236,3.18832088,191,
12/21/2020 15:08:47,gridshot,10,9mm,0,v0.96.5.3-3201,78.11159,80,82,83,80,75,62,67,50,323.92519231943,310.557030571832,324.556613922119,300.917565395958,311.197483444214,313.740297953288,380.622616577149,352.58150100708,519.481770106724,185,233,3.03798914,182,
12/21/2020 15:07:39,gridshot,10,9mm,0,v0.96.5.3-3201,82.88288,87,85,78,86,57,83,100,75,318.614934506624,307.230098226796,314.545792236328,346.194670024671,291.960556030273,427.7158203125,337.090997314453,229.916748046875,337.830833435059,187,222,3.0715065,184,
12/21/2020 15:06:32,gridshot,10,9mm,0,v0.96.5.3-3201,80.6451645,86,84,68,86,89,67,73,83,337.708601858956,325.461116366916,332.101713227063,407.577371102792,314.948680434116,277.234613418579,421.514236450195,360.285892486572,310.007949829102,178,217,2.92116332,175,
12/21/2020 15:05:25,gridshot,10,9mm,0,v0.96.5.3-3201,76.21146,85,86,69,68,56,100,100,78,340.453088021692,293.79432099441,316.825833370811,360.309651601882,384.329663398938,496.231341552734,234.478093465169,261.88968234592,356.112601143973,176,227,2.88774252,173,
12/21/2020 15:04:10,gridshot,10,9mm,0,v0.96.5.3-3201,74.88987,66,93,82,67,67,100,92,75,342.497240492877,376.203059498857,277.38191986084,316.031286424206,390.026873779297,299.807769775391,281.21480255127,273.081961891868,368.813537597656,173,227,2.83782077,170,
12/21/2020 09:10:33,gridshot,0,9mm,0,v0.96.5.3-3201,77.6315842,75,78,82,81,78,62,67,77,332.835718273443,337.837221665816,326.908582586991,330.637082672119,301.405269877116,375.404684884208,538.474523925781,306.030632019043,320.40943145752,180,228,2.95469666,177,
12/20/2020 12:45:02,gridshot,0,9mm,0,v0.96.5.3-3201,86.60714,84,93,82,86,83,88,83,100,304.391857815772,321.483214696248,261.535088172326,334.552901226541,311.855013847351,275.996691894531,320.052150181362,313.472296142578,241.593417080966,197,224,3.23838425,194,
12/19/2020 15:55:31,gridshot,0,9mm,0,v0.96.5.3-3201,81.93277,81,85,82,82,75,100,64,91,302.394377801357,309.630461227062,297.660494024103,300.071969774034,294.326478911609,332.148632473416,269.657348632813,393.930060250419,253.682290649414,198,238,3.25497031,195,
12/19/2020 15:54:10,gridshot,0,9mm,0,v0.96.5.3-3201,76.0617752,83,75,85,67,54,100,75,85,298.778854331389,276.480558713277,298.336725870768,273.835316153134,332.322060189596,440.266353062221,245.779708862305,320.240661621094,259.654441139915,200,259,3.28848672,197,
12/19/2020 10:38:01,gridshot,0,9mm,0,v0.96.5.3-3201,89.9122849,87,93,88,93,100,100,91,69,286.158862453554,299.376776059469,270.651582263765,275.056646810996,282.435729980469,295.757688903809,238.213928222656,275.203367614746,404.893295288086,208,228,3.42192841,205,
12/18/2020 16:16:54,gridshot,10,9mm,0,v0.96.5.3-3201,80.27523,80,91,84,81,71,50,78,58,332.439391741071,311.221281051636,266.366851434475,388.824732710675,299.438719831194,390.564738972982,519.626075744629,324.541852678571,408.882529122489,178,218,2.92119241,175,
12/18/2020 09:29:02,gridshot,0,9mm,0,v0.96.5.3-3201,84.07079,82,87,92,74,88,100,100,100,309.949956552606,292.068880353655,302.167859164151,282.367907630073,371.688453674316,340.874276297433,237.817672729492,302.22610168457,243.93758392334,193,226,3.171574,190,
12/17/2020 19:23:44,gridshot,10,9mm,0,v0.96.5.3-3201,83.1932755,83,83,83,82,100,78,70,100,298.132668851602,277.106584028764,303.347380026793,295.69614944458,293.802024509596,262.913580758231,348.745755876814,355.406864711217,308.431392124721,200,238,3.30506468,198,
12/17/2020 19:22:07,gridshot,10,9mm,0,v0.96.5.3-3201,87.0129852,92,92,81,83,100,88,73,100,293.435894714659,291.274105901304,297.275440112964,300.315024289218,294.789353126703,238.120468139648,293.04982648577,345.559865951538,261.607531460849,204,231,3.3552587,201,
12/17/2020 12:13:59,gridshot,0,9mm,0,v0.96.5.3-3201,79.18367,77,68,80,85,100,89,88,100,303.161978416836,324.086619887241,349.51415051912,288.439107946447,276.207836303711,256.990704345703,285.039995193481,315.969360351563,235.444583129883,197,245,3.238353,194,
12/17/2020 11:58:48,gridshot,10,9mm,0,v0.96.5.3-3201,86.2068939,90,82,82,86,100,100,100,92,293.564660491943,279.391789076063,304.306319274902,315.465395736694,292.886942683039,263.581039428711,200.252932739258,262.897271728516,303.095542214134,203,232,3.338512,200,
12/17/2020 11:57:41,gridshot,10,9mm,0,v0.96.5.3-3201,78.44828,83,72,75,80,83,89,78,75,323.294694083078,308.123310435902,337.325423668171,320.928600311279,324.13201183743,366.990036010742,281.211795806885,367.158700125558,341.210001627604,185,232,3.03812027,182,
12/17/2020 11:56:29,gridshot,10,9mm,0,v0.96.5.3-3201,74.5614,80,76,65,74,75,86,67,100,347.60242471134,307.172726949056,343.148964146205,410.700399875641,330.871723937988,337.873926798503,426.830843607585,391.047752380371,278.333740234375,173,228,2.83769822,170,
12/17/2020 11:54:23,gridshot,10,9mm,0,v0.96.5.3-3201,85.3333359,91,83,86,86,85,75,67,91,306.895090818405,272.62571042083,308.078246376731,299.958237171173,317.50013893529,295.230973677202,363.338246663411,410.645126342773,286.930960083008,195,225,3.20498085,192,
12/17/2020 11:51:16,gridshot,10,9mm,0,v0.96.5.3-3201,75.54585,72,71,88,64,100,100,100,75,339.832254398765,346.953113440311,357.243039449056,309.54861668178,379.32683801651,264.001594543457,280.595682779948,269.797643025716,344.835938517253,176,229,2.887758,173,
12/17/2020 11:49:40,gridshot,10,9mm,0,v0.96.5.3-3201,79.82456,72,76,75,91,100,100,83,73,323.757497766516,338.932846460587,350.757611694336,359.747530982608,274.276757217035,257.304247769442,281.307813008626,304.555688476563,390.562744140625,185,228,3.03808761,182,
12/17/2020 11:29:23,gridshot,10,9mm,0,v0.96.5.3-3201,80.4166641,72,81,83,85,86,90,73,79,305.71569990247,338.644785563151,309.477319651637,297.982729889626,278.558120078229,277.743593851725,253.381384955512,353.742557525635,306.663216330788,196,240,3.22160125,193,
12/17/2020 11:28:15,gridshot,10,9mm,0,v0.96.5.3-3201,82.77311,79,92,79,84,100,77,80,78,298.67024579508,310.771859486898,260.38184483846,323.514795070741,307.923135801803,203.893020629883,293.644842529297,290.1614112854,313.453220912388,200,238,3.28840613,197,
12/17/2020 11:26:44,gridshot,10,9mm,0,v0.96.5.3-3201,79.74683,76,84,80,84,64,89,67,100,311.536877748197,319.698013305664,300.122802734375,305.964697057551,290.344658053651,388.889011928013,260.657258987427,348.14234161377,338.847534179688,192,237,3.1549747,189,
12/17/2020 11:25:38,gridshot,10,9mm,0,v0.96.5.3-3201,71.16279,83,69,76,61,0,0,100,0,386.323644002279,315.844729401344,372.766067504883,318.696119420669,432.142434014214,0,0,205.22248840332,0,156,215,2.55400324,153,
12/17/2020 11:24:20,gridshot,10,9mm,0,v0.96.5.3-3201,82.25108,79,78,84,90,83,80,70,82,310.341965544851,318.506426130022,332.807965959821,301.669135623508,280.744633653429,317.141464233398,318.609839121501,400.81387765067,326.275539822049,193,231,3.17152143,190,
12/17/2020 11:23:09,gridshot,10,9mm,0,v0.96.5.3-3201,81.4655151,78,87,76,80,90,100,100,83,312.026253513558,321.711438118143,293.920745849609,340.098510329788,304.085888836835,330.078497992622,245.53076171875,260.750705718994,314.130490112305,192,232,3.15495968,189,
12/17/2020 11:21:52,gridshot,10,9mm,0,v0.96.5.3-3201,77.391304,90,69,70,82,64,89,67,100,330.538791999388,279.853057861328,378.47561356828,371.138264247349,303.329723358154,459.794967651367,294.843383789063,373.561937332153,271.496518452962,181,230,2.97121859,178,
12/17/2020 11:20:11,gridshot,10,9mm,0,v0.96.5.3-3201,80.60345,73,71,81,88,93,100,100,71,313.748865464155,345.720356638839,364.203682163783,308.378873697917,284.37596594769,258.550539456881,236.348780314128,236.768278503418,417.64494934082,190,232,3.121415,187,
12/17/2020 11:19:04,gridshot,10,9mm,0,v0.96.5.3-3201,81.938324,83,80,76,81,86,100,100,86,317.108837742959,303.365746347528,340.846817429001,337.756881301468,328.184275193648,281.389406840006,248.108873639788,264.674586486816,277.962748209635,189,227,3.10479,186,
12/17/2020 11:17:53,gridshot,10,9mm,0,v0.96.5.3-3201,76.855896,77,72,78,72,86,83,92,100,334.280217517506,329.059132470025,382.686395084157,353.067202148438,343.318374633789,256.120592753092,262.644213867187,252.860215504964,246.836356026786,179,229,2.93787241,176,
12/17/2020 11:07:55,gridshot,10,9mm,0,v0.96.5.3-3201,73.9726,74,73,70,80,90,75,62,64,363.383288206878,364.959310223979,357.862103939056,395.880316925049,343.931377410889,320.147382948134,341.984154595269,445.052053833008,387.565397474501,165,219,2.7042954,162,
12/16/2020 23:06:09,gridshot,10,9mm,0,v0.96.5.3-3201,85.71429,85,95,85,79,86,83,100,80,307.069725116094,288.791668319702,279.576337051392,318.979573691764,327.001689745032,325.10181427002,333.009844970703,265.788912963867,319.730735778809,195,224,3.20494151,192,
12/16/2020 23:04:19,gridshot,10,9mm,0,v0.96.5.3-3201,86.4035,90,84,85,91,67,71,83,80,298.841552230912,287.620476507372,299.215916951497,329.54902335925,270.551655891614,504.240310668945,357.555728149414,286.46975402832,307.56685256958,200,228,3.288555,197,
12/16/2020 23:03:06,gridshot,10,9mm,0,v0.96.5.3-3201,85.57692,87,91,86,78,100,75,100,86,331.483503620276,329.248494857397,312.989689980784,328.252313613892,359.34694511012,292.780771255493,447.475609673394,239.110279083252,330.872475941976,181,208,2.97134066,178,
12/16/2020 23:01:31,gridshot,10,9mm,0,v0.96.5.3-3201,84.9315,87,88,94,77,80,88,80,100,315.632171712896,315.464247512817,305.169773864746,290.626323576896,347.457871398926,346.852533976237,274.512929643903,301.216419219971,281.381256103516,189,219,3.10487652,186,
12/16/2020 23:00:14,gridshot,10,9mm,0,v0.96.5.3-3201,82.02765,82,88,74,77,100,100,100,100,331.083092764522,323.2778840065,306.178600856236,366.266853538719,356.207088381745,292.492604573568,271.332194737026,293.26875,332.737777709961,181,217,2.97126341,178,
12/16/2020 22:58:04,gridshot,10,9mm,0,v0.96.5.3-3201,78.94737,78,95,67,78,100,55,100,83,357.435391004158,371.03326587677,272.155815505981,445.59415435791,361.559495070885,248.894536336263,503.015429178874,284.597175598145,326.114895629883,168,209,2.75426388,165,
12/16/2020 22:27:29,gridshot,10,9mm,0,v0.96.5.3-3201,85.04673,85,92,78,83,100,100,70,100,324.052480676672,305.628493146199,304.422708459803,376.292148790861,322.009169387817,296.5208984375,236.918304443359,441.418406895229,255.410140991211,185,214,3.03808546,182,
12/16/2020 22:26:16,gridshot,10,9mm,0,v0.96.5.3-3201,80.71748,81,88,84,75,69,86,100,80,327.142856491937,332.001250494094,297.075417654855,304.562320285373,366.445994290439,393.557351006402,314.634485880534,261.017354329427,311.621171951294,183,223,3.004775,180,
12/16/2020 22:24:12,gridshot,10,9mm,0,v0.96.5.3-3201,76.36363,76,89,64,80,100,90,47,80,350.310414859227,391.54269997733,295.591164112091,384.839174994107,339.221558361519,242.429262797038,285.112425062391,544.975991385324,322.021617889404,171,220,2.80425739,168,
12/16/2020 22:23:00,gridshot,10,9mm,0,v0.96.5.3-3201,82.22222,76,89,87,79,71,100,82,83,318.964360005147,364.141803225956,290.802415327592,302.695676363432,322.770605593312,358.091976928711,241.543895176479,329.954350789388,296.029019165039,188,225,3.08818221,185,
12/16/2020 22:21:53,gridshot,10,9mm,0,v0.96.5.3-3201,83.33333,81,87,88,81,100,100,67,67,327.685892147488,341.04275786571,312.523039654987,313.474882725307,339.228685479415,259.936604817708,242.095016479492,430.055903116862,371.440584182739,183,216,3.00459552,180,
12/16/2020 15:17:37,gridshot,10,9mm,0,v0.96.5.3-3201,84.41559,84,80,85,89,73,79,100,100,301.91815631573,307.651528731636,306.446969774034,311.295224817788,281.582381810897,396.360837936401,308.60505398837,230.722253417969,246.997674942017,198,231,3.25128245,195,
12/16/2020 15:16:15,gridshot,10,9mm,0,v0.96.5.3-3201,80.55556,75,95,79,81,80,55,80,89,338.434446488303,363.812405395508,274.106217278375,350.837901759792,342.877696317785,326.157381057739,474.904085795085,341.979789733887,346.027963638306,177,216,2.904437,174,
12/16/2020 13:49:09,gridshot,10,9mm,0,v0.96.5.3-3201,82.37885,75,88,89,85,85,71,67,91,315.18674326198,338.251935261052,302.879818810357,266.104755524666,296.162485262243,334.002043290572,399.135832468669,378.480396270752,321.570780944824,190,227,3.12141752,187,
12/16/2020 13:47:10,gridshot,10,9mm,0,v0.96.5.3-3201,85.28139,91,92,80,80,92,90,67,100,298.773660456468,271.46244993664,280.142837986802,325.527566677187,322.508465706034,276.87312189738,263.67620171441,356.0227394104,286.244087219238,200,231,3.28837,197,
12/16/2020 13:46:03,gridshot,10,9mm,0,v0.96.5.3-3201,79.09091,80,74,80,75,82,70,89,100,338.771683791588,324.026320586333,345.124317842371,319.409047907049,372.089679602421,310.973853217231,353.998641967773,355.383188247681,246.249230702718,177,220,2.9046073,174,
12/16/2020 13:44:58,gridshot,10,9mm,0,v0.96.5.3-3201,84.375,83,83,81,88,83,75,88,100,310.309507662657,308.790612357003,300.783473366185,348.083975858467,287.621495201474,328.087219238281,377.074595133464,306.162030901228,259.060308837891,192,224,3.15481329,189,
12/16/2020 13:43:43,gridshot,10,9mm,0,v0.96.5.3-3201,85.8407059,83,86,97,85,70,100,70,89,303.266988498648,329.237193467882,308.567318507603,266.396508160759,295.12336324056,374.655094691685,230.101892089844,383.32980128697,279.610803604126,197,226,3.23837423,194,
12/16/2020 13:42:32,gridshot,10,9mm,0,v0.96.5.3-3201,82.53275,76,85,81,83,86,90,100,82,310.577485099671,336.381471568141,302.950494939631,330.290204961249,313.688281419542,293.739791870117,244.706197102865,243.190878295898,279.842531476702,192,229,3.15493917,189,
12/16/2020 13:41:25,gridshot,10,9mm,0,v0.96.5.3-3201,83.03571,88,88,88,80,85,92,67,62,317.130063046691,295.328631591797,297.070267775963,309.505071941175,318.631800581769,351.437168468129,287.168557484945,397.99915822347,404.011309110201,189,224,3.10490084,186,
12/16/2020 13:39:19,gridshot,10,9mm,0,v0.96.5.3-3201,87.2146149,100,92,82,85,81,73,91,100,308.750805520262,256.053804594895,309.678316752116,323.717820330364,312.651129455566,322.311353243314,364.730924606323,331.491879272461,288.21240234375,194,219,3.18822932,191,
12/16/2020 11:12:16,gridshot,10,9mm,0,v0.96.5.3-3201,89.31624,89,92,87,91,100,80,88,78,279.162831320147,288.099381142474,272.501135045832,278.764092665452,271.940545008733,226.669515609741,324.741237640381,283.901611328125,360.699026925223,212,234,3.4888494,209,
12/16/2020 11:11:08,gridshot,10,9mm,0,v0.96.5.3-3201,83.96624,80,82,82,87,100,90,100,78,295.773991110337,304.369627888997,312.320043052115,317.893600463867,277.496014209504,230.229714529855,242.923453436957,242.631976318359,328.547284807478,202,237,3.32181978,199,
12/16/2020 11:10:00,gridshot,10,9mm,0,v0.96.5.3-3201,80.616745,90,73,85,80,78,73,71,80,318.991423685043,272.692702714787,349.254705047607,307.841130283901,328.483425140381,335.611968994141,330.847764968872,345.164465332031,390.350914001465,186,227,3.05475688,183,
12/16/2020 11:08:32,gridshot,10,9mm,0,v0.96.5.3-3201,79.23729,86,82,70,86,75,60,58,88,314.842788777887,270.642693807912,320.268983840942,369.74848101216,286.336670276731,310.070366753472,431.028427124023,404.308469499861,297.929484776088,190,236,3.12155628,187,
12/16/2020 11:07:25,gridshot,10,9mm,0,v0.96.5.3-3201,75.6756744,83,72,78,80,100,43,69,67,349.635917663574,324.521903542911,344.548161674948,362.716654284247,323.599357409355,238.113258361816,679.725786844889,364.973039415148,428.504360198975,171,222,2.80435729,168,
12/16/2020 11:06:09,gridshot,10,9mm,0,v0.96.5.3-3201,79.01786,79,77,78,79,80,100,88,71,331.776436714129,316.475643157959,338.072706010607,348.142220020294,329.877658442447,329.27209854126,241.688822428385,373.291996547154,415.827169799805,180,224,2.9544692,177,
12/16/2020 10:09:15,gridshot,10,9mm,0,v0.96.5.3-3201,84.10042,79,87,88,85,75,82,100,80,292.408160821715,312.257920800186,270.612090503468,282.712025960286,294.409638268607,343.802492777506,301.898259480794,230.261611938477,312.818927764893,204,239,3.35529852,201,
12/16/2020 10:08:06,gridshot,10,9mm,0,v0.96.5.3-3201,79.48718,84,89,76,72,75,83,71,86,316.864749785393,302.834034568385,271.200291156769,337.088669259208,346.286822055249,390.160484313965,286.67979888916,349.005548095703,292.811553955078,189,234,3.10486841,186,
12/16/2020 10:06:56,gridshot,10,9mm,0,v0.96.5.3-3201,79.49791,72,84,85,78,100,50,60,100,307.10133972168,338.851986224835,301.740411841351,283.786904144287,301.81550394694,240.512475585937,500.249908447266,406.648282368978,277.418884277344,193,239,3.17157841,190,
12/16/2020 10:05:28,gridshot,10,9mm,0,v0.96.5.3-3201,85.0220261,90,83,91,84,100,70,100,62,304.210995412243,291.817565593314,337.3850440979,273.553440751701,281.43475176837,253.381044660296,340.019877842494,229.779440307617,448.771108627319,196,227,3.22157121,193,
12/16/2020 10:04:13,gridshot,10,9mm,0,v0.96.5.3-3201,81.7021255,72,76,89,88,71,100,92,90,304.264643033346,334.745442317082,351.347424316406,292.253124330102,260.107905796596,315.095283508301,268.354320526123,287.406704989347,280.779317220052,195,235,3.20490146,192,
12/16/2020 10:02:46,gridshot,10,9mm,0,v0.96.5.3-3201,83.89831,88,87,79,81,100,100,57,83,297.484256628788,282.902099609375,292.072134130141,327.410731959987,290.329745928447,220.727935791016,236.088490804036,497.712776184082,319.638262939453,201,236,3.30525517,198,
12/16/2020 10:01:17,gridshot,10,9mm,0,v0.96.5.3-3201,78.37838,78,84,77,81,75,67,67,73,336.359907873746,310.446237564087,304.445053100586,360.717072879567,317.166507036258,378.917694091797,411.623051961263,458.685863494873,391.743793487549,177,222,2.90447021,174,
12/16/2020 09:59:11,gridshot,10,9mm,0,v0.96.5.3-3201,86.05769,81,97,94,76,100,80,82,85,329.346677130161,335.955005444978,295.443948957655,297.175253026626,369.980645595453,262.03506905692,397.271434783936,408.886571248372,330.835386796431,182,208,2.987887,179,
12/16/2020 09:46:32,gridshot,10,9mm,0,v0.96.5.3-3201,81.09244,78,78,84,81,69,86,86,100,305.651499140448,320.79302406311,305.378918378781,299.624193191528,301.151569366455,364.873070610894,327.552927652995,284.474156697591,254.254164123535,196,238,3.22159743,193,
12/16/2020 09:45:23,gridshot,10,9mm,0,v0.96.5.3-3201,82.14286,76,81,87,80,100,83,88,100,319.033489973649,350.421463376,323.721997942243,308.378479466294,323.755029795121,228.995727539063,320.859530639648,300.877044677734,221.818079630534,187,224,3.07148623,184,
12/16/2020 09:44:15,gridshot,10,9mm,0,v0.96.5.3-3201,77.92207,76,70,74,91,100,100,100,73,327.015352291531,322.693193875826,359.19792901902,354.723700023833,286.605161031087,268.343680245536,264.481333414714,243.402529907227,346.631858825684,183,231,3.00467944,180,
12/16/2020 09:43:04,gridshot,10,9mm,0,v0.96.5.3-3201,83.91305,86,81,86,80,100,100,80,82,305.689656628228,304.847323608398,329.380746138723,299.565186966297,304.422731781006,243.148319244385,241.624599456787,288.500480651855,325.538572523329,196,230,3.2216742,193,
12/16/2020 09:41:54,gridshot,10,9mm,0,v0.96.5.3-3201,80.63063,74,84,83,81,100,100,83,71,328.880927996928,346.558960785737,291.228112710489,330.608890622161,328.090428001002,295.375564575195,248.650367736816,359.299032592773,419.839733886719,182,222,2.98801112,179,
12/16/2020 09:40:46,gridshot,10,9mm,0,v0.96.5.3-3201,86.54708,87,92,86,81,100,100,80,86,305.355338773579,288.208838089653,293.56691148546,317.45102596283,323.435927046106,236.600463867188,309.29892578125,353.404922485352,297.921493530273,196,223,3.22166729,193,
12/16/2020 07:46:30,gridshot,10,9mm,0,v0.96.5.3-3201,81.3043442,78,79,81,90,50,78,100,83,315.190447475821,328.899823452564,330.560967935098,321.482371161966,272.289348705395,498.919479370117,350.461946759905,279.946391296387,281.901058959961,190,230,3.121552,187,
12/16/2020 07:45:16,gridshot,10,9mm,0,v0.96.5.3-3201,82.25108,83,78,81,81,100,86,100,100,310.403673111765,305.429044615548,329.907195552703,319.452910928165,309.017960568692,302.720947265625,310.752742767334,243.689128875732,225.950317382813,193,231,3.17156124,190,
12/16/2020 07:44:02,gridshot,10,9mm,0,v0.96.5.3-3201,78.44828,81,77,89,72,88,100,100,38,322.660511561803,311.358530317034,335.590047063054,298.911650686553,345.114797910054,283.772942679269,264.460411071777,206.177725219727,666.554901123047,185,232,3.03796268,182,
12/16/2020 07:42:27,gridshot,10,9mm,0,v0.96.5.3-3201,84.8888855,84,83,91,80,100,86,100,100,308.241505368218,296.173021844093,329.155492738236,300.143370003536,321.115484359417,273.082833426339,310.278104146322,278.643009185791,257.513264973958,194,225,3.18822575,191,
12/16/2020 07:39:54,gridshot,10,9mm,0,v0.96.5.3-3201,83.47826,84,84,85,83,80,91,64,90,307.732429384561,316.010349273682,311.281983131586,303.191089739118,290.178496531951,342.867792765299,272.200610351562,380.296720232282,287.583333333333,195,230,3.20500636,192,
12/16/2020 07:38:40,gridshot,10,9mm,0,v0.96.5.3-3201,84.6491241,83,80,80,89,92,100,100,100,305.64925127573,312.213291266026,321.947556515958,327.813632202148,287.02947925386,301.136918385824,265.874127705892,253.532608032227,253.781483968099,196,228,3.22175646,193,
12/16/2020 07:35:57,gridshot,10,9mm,0,v0.96.5.3-3201,79.91071,78,88,78,80,90,73,78,67,329.808552576843,349.635551452637,308.538824898856,341.392291420384,324.260870031408,270.183417426215,331.364965438843,322.399141584124,400.199025472005,182,224,2.98797441,179,
12/16/2020 07:34:19,gridshot,10,9mm,0,v0.96.5.3-3201,82.48848,87,79,75,83,91,92,88,75,328.528684221833,306.225635626377,358.327395790502,344.734107688621,321.7594165802,280.728343200684,312.728924837979,312.533785138811,394.581260681152,182,217,2.987939,179,
12/16/2020 07:33:07,gridshot,10,9mm,0,v0.96.5.3-3201,78.125,80,79,77,86,64,78,54,80,337.620027640207,331.86822275015,317.3948431576,324.915141805013,329.356695629301,387.167364937919,347.91323198591,533.123990740095,323.353260040283,178,224,2.92129683,175,
12/16/2020 07:31:22,gridshot,10,9mm,0,v0.96.5.3-3201,85.99034,75,87,98,87,69,91,100,87,330.218455968278,363.78689251524,322.12494913737,291.647767678285,314.928380792791,498.599099053277,332.716546630859,306.134416852679,320.999992957482,181,207,2.97131872,178,
12/16/2020 07:30:04,gridshot,10,9mm,0,v0.96.5.3-3201,83.58209,84,81,89,78,80,86,100,86,350.22396391914,357.668380737305,373.070608825684,324.785292434692,377.347892174354,385.113265991211,303.386177062988,291.733825683594,293.087572733561,171,201,2.804449,168,
12/15/2020 13:23:31,gridshot,10,9mm,0,v0.96.5.3-3201,84.27948,94,83,77,86,100,82,86,50,305.140327255961,280.377092776091,298.267543591951,335.921976862727,298.234332084656,284.088439941406,318.004248725043,302.180374145508,536.753392537435,195,229,3.22178078,193,
12/15/2020 13:22:23,gridshot,10,9mm,0,v0.96.5.3-3201,81.69643,87,86,78,77,100,82,67,80,321.003511022349,309.58192715115,292.154683113098,332.036531448364,355.436589833853,212.859507969448,300.679372151693,423.8304271698,322.299641927083,186,224,3.054563,183,
12/15/2020 13:21:14,gridshot,10,9mm,0,v0.96.5.3-3201,81.4159241,72,83,88,85,67,100,82,93,317.507508899855,363.368761170585,298.037418619792,290.807353144107,299.546224212647,404.702438354492,267.905412153764,354.708402845595,276.010547344501,187,226,3.07141852,184,
12/15/2020 13:20:05,gridshot,10,9mm,0,v0.96.5.3-3201,86.69725,81,85,88,93,100,50,87,100,311.320705272533,338.664420734752,320.575225524902,304.351315634591,267.906407674154,324.571963500977,564.551513671875,324.536237276517,202.558135986328,192,218,3.15499973,189,
12/15/2020 13:18:30,gridshot,10,9mm,0,v0.96.5.3-3201,88.68778,85,92,92,88,100,79,88,89,299.615719269733,299.860523397272,294.830858118394,296.855437384711,309.340106964111,262.739181518555,314.878090598367,330.079899379185,290.541131973267,199,221,3.27188182,196,
12/15/2020 13:16:54,gridshot,10,9mm,0,v0.96.5.3-3201,83.9449539,85,83,82,80,100,100,83,89,321.483776071684,318.604575879646,322.539685440063,321.476296561105,361.055025482178,248.800537109375,248.44841003418,289.879672241211,282.81934928894,186,218,3.05465221,183,
12/15/2020 13:14:36,gridshot,10,9mm,0,v0.96.5.3-3201,90.14085,92,84,91,95,73,92,100,88,305.619088967641,294.65091526762,344.651686797271,299.874914353894,294.04403388791,356.288059234619,271.796850840251,289.513515472412,294.292044503348,195,213,3.205056,192,
12/15/2020 13:13:27,gridshot,10,9mm,0,v0.96.5.3-3201,86.7579956,90,86,88,87,71,90,75,80,308.582676255076,293.51766526964,307.619556172689,306.510903291924,304.775599106498,423.453790283203,304.634097629123,397.555786132813,338.054403305054,193,219,3.17141151,190,
12/15/2020 13:11:55,gridshot,10,9mm,0,v0.96.5.3-3201,82.27273,86,86,79,84,67,83,100,79,324.118068505387,301.563384803566,309.744686974419,340.194173039617,336.95685848113,390.351509094238,302.089059448242,301.776962280273,321.322468150746,184,220,3.02136016,181,
12/15/2020 13:10:35,gridshot,10,9mm,0,v0.96.5.3-3201,83.72093,84,82,84,87,78,89,82,82,326.700681050618,343.702073380754,328.575396219889,331.868275233677,326.080546061198,335.702178955078,255.564754486084,333.500681559245,294.729695638021,183,215,3.0047338,180,
12/15/2020 13:09:23,gridshot,10,9mm,0,v0.96.5.3-3201,84.5454559,87,90,73,86,69,100,100,89,315.427146665512,295.151291342343,306.902089436849,371.426963329315,298.810672834808,373.274381849501,266.135340372721,273.80140346951,344.916528701782,189,220,3.10481358,186,
12/15/2020 13:08:16,gridshot,10,9mm,0,v0.96.5.3-3201,83.4862442,80,83,92,81,75,80,86,100,323.316600254604,347.931340111627,327.626182154605,271.102478463309,341.734755820416,334.738108317057,348.522296905518,313.353327433268,232.734426879883,185,218,3.03805351,182,
12/15/2020 13:07:03,gridshot,10,9mm,0,v0.96.5.3-3201,83.1818161,77,86,83,80,100,90,88,89,321.197005558535,372.491251352671,314.280054892263,311.832328033447,325.606597900391,266.874930487739,303.729665120443,298.828251429967,253.211109161377,186,220,3.05274367,183,
12/15/2020 13:05:56,gridshot,10,9mm,0,v0.96.5.3-3201,82.72727,86,84,79,80,100,83,77,86,323.311903817313,309.831851959229,326.47233581543,337.95211398217,330.052475758088,261.191699981689,326.599401855469,337.194822692871,315.790192921956,185,220,3.03796577,182,
12/15/2020 13:02:16,gridshot,10,9mm,0,v0.96.5.3-3201,80.542984,91,80,87,79,61,75,77,67,329.60342636537,288.063610458374,330.232851134406,326.984193068284,341.888214837937,417.817783702504,350.442713419596,325.887760925293,367.220830281576,181,221,2.971281,178,
12/15/2020 13:00:30,gridshot,10,9mm,0,v0.96.5.3-3201,76.16823,70,79,81,75,67,75,100,80,361.506602655891,378.957643609298,354.167310361509,336.663813139263,372.977399725663,438.436945597331,375.680145263672,264.285076141357,356.494829177856,166,214,2.72086883,163,
12/15/2020 12:59:22,gridshot,10,9mm,0,v0.96.5.3-3201,83.11688,81,86,86,81,70,80,100,100,306.975277105967,298.829897673234,301.013323465983,304.455258018092,314.377599633258,340.254512241908,319.635377883911,269.554400634766,358.409140014648,195,231,3.20487642,192,
12/15/2020 12:58:14,gridshot,10,9mm,0,v0.96.5.3-3201,82.09607,82,86,85,82,78,70,100,64,310.694422518953,319.50517539978,305.913688312877,318.892649332682,294.192064921061,306.654970441546,354.111376081194,229.681804656982,357.998609815325,191,229,3.1382103,188,
12/15/2020 12:56:54,gridshot,10,9mm,0,v0.96.5.3-3201,76.4976959,71,85,83,70,89,79,80,75,353.517381185508,382.75749124063,294.412893567767,320.305725708008,396.257494790214,277.076988220215,331.108409534801,317.826093673706,460.222040812175,169,217,2.77099967,166,
12/15/2020 12:55:45,gridshot,10,9mm,0,v0.96.5.3-3201,80.97345,77,93,86,70,88,86,88,89,321.838402586557,334.399608612061,273.015527795862,307.231628417969,368.359834892805,316.442391531808,281.137135823568,307.656733921596,307.193534851074,186,226,3.05478621,183,
12/15/2020 12:54:36,gridshot,10,9mm,0,v0.96.5.3-3201,80.39216,88,86,90,74,67,77,64,80,359.551403324778,330.295081560002,329.617440795898,293.342360863319,424.814495218211,409.512980143229,380.674464416504,443.136423110962,358.971040725708,167,204,2.73768258,164,
12/15/2020 12:52:48,gridshot,10,9mm,0,v0.96.5.3-3201,81.4371262,78,79,89,83,80,90,100,67,426.715160594267,500.867961883545,389.419431333189,389.329402287801,382.172232376902,484.350605010986,394.077511257595,297.465759277344,435.486529032389,139,167,2.27011776,136,
